{
  "N": 1000,
  "all_times_s": [
    1.6395364999771118,
    1.640136200003326,
    1.663569499971345,
    1.6737875998951495,
    1.679338000016287,
    1.6799111999571323,
    1.6991884000599384,
    1.7232739001046866,
    1.7504477000329643,
    2.032617799937725
  ],
  "median_s": 1.6799111999571323,
  "min_s": 1.6395364999771118,
  "max_s": 2.032617799937725,
  "reps": 10,
  "canonical_mse": 1.0229538698629735e-06,
  "numpy_version": "1.26.4",
  "python_version": "3.12.10",
  "blas_threads": 1
}