{
  "n_samples": 200,
  "mae": 2.0176158518572378e-05,
  "max_err": 5.7085941432943876e-05,
  "med_err": 1.9147885499483375e-05,
  "p95_err": 4.097353762151749e-05,
  "p99_err": 4.722020969294358e-05,
  "mse": 5.320901084765336e-10,
  "snr_db": 79.13751289309933,
  "rel_mean": 0.00020169596821641717,
  "rel_p95": 0.000617053155004872
}